<?xml version="1.0" encoding="UTF-8"?>
<document version="1.2.0">
  <chunks next_id="2" active_id="0">
    <chunk id="0" path="0/chunk.zip"/>
  </chunks>
  <meta>
    <property name="Info/LastSavedDateTime" value="2024:07:13 02:12:24"/>
    <property name="Info/LastSavedSoftwareVersion" value="2.1.2.18358"/>
    <property name="Info/OriginalDateTime" value="2024:07:10 03:47:30"/>
    <property name="Info/OriginalSoftwareName" value="Agisoft Metashape"/>
    <property name="Info/OriginalSoftwareVendor" value="Agisoft"/>
    <property name="Info/OriginalSoftwareVersion" value="2.1.2.18358"/>
    <property name="Project/AbsolutePaths" value="false"/>
  </meta>
</document>
